acyclic_State.State<:holds_GrabbedInOrder,1
acyclic_State.State<:holds_GrabOrRelease,1
acyclic_State.State<:holds_run1,1
acyclic_State.State<:holds_run2,1
acyclic_State.State<:holds_run5,-1
acyclic_State.State<:waits_GrabbedInOrder,1
acyclic_State.State<:waits_GrabOrRelease,1
acyclic_State.State<:waits_run1,1
acyclic_State.State<:waits_run2,1
acyclic_State.State<:waits_run5,-1
acyclic_State<:holds_GrabbedInOrder,0
acyclic_State<:holds_GrabOrRelease,0
acyclic_State<:holds_run1,0
acyclic_State<:holds_run2,0
acyclic_State<:holds_run5,0
acyclic_State<:holds.Mutex_GrabbedInOrder,1
acyclic_State<:holds.Mutex_GrabOrRelease,1
acyclic_State<:holds.Mutex_run1,1
acyclic_State<:holds.Mutex_run2,1
acyclic_State<:holds.Mutex_run5,-1
acyclic_State<:waits_GrabbedInOrder,0
acyclic_State<:waits_GrabOrRelease,0
acyclic_State<:waits_run1,0
acyclic_State<:waits_run2,0
acyclic_State<:waits_run5,0
acyclic_State<:waits.Mutex_GrabbedInOrder,1
acyclic_State<:waits.Mutex_GrabOrRelease,1
acyclic_State<:waits.Mutex_run1,1
acyclic_State<:waits.Mutex_run2,1
acyclic_State<:waits.Mutex_run5,-1
antisymmetric_State.State<:holds_GrabbedInOrder,1
antisymmetric_State.State<:holds_GrabOrRelease,1
antisymmetric_State.State<:holds_run1,1
antisymmetric_State.State<:holds_run2,1
antisymmetric_State.State<:holds_run5,-1
antisymmetric_State.State<:waits_GrabbedInOrder,1
antisymmetric_State.State<:waits_GrabOrRelease,1
antisymmetric_State.State<:waits_run1,1
antisymmetric_State.State<:waits_run2,1
antisymmetric_State.State<:waits_run5,-1
antisymmetric_State<:holds_GrabbedInOrder,0
antisymmetric_State<:holds_GrabOrRelease,0
antisymmetric_State<:holds_run1,0
antisymmetric_State<:holds_run2,0
antisymmetric_State<:holds_run5,0
antisymmetric_State<:holds.Mutex_GrabbedInOrder,1
antisymmetric_State<:holds.Mutex_GrabOrRelease,1
antisymmetric_State<:holds.Mutex_run1,1
antisymmetric_State<:holds.Mutex_run2,1
antisymmetric_State<:holds.Mutex_run5,-1
antisymmetric_State<:waits_GrabbedInOrder,0
antisymmetric_State<:waits_GrabOrRelease,0
antisymmetric_State<:waits_run1,0
antisymmetric_State<:waits_run2,0
antisymmetric_State<:waits_run5,0
antisymmetric_State<:waits.Mutex_GrabbedInOrder,1
antisymmetric_State<:waits.Mutex_GrabOrRelease,1
antisymmetric_State<:waits.Mutex_run1,1
antisymmetric_State<:waits.Mutex_run2,1
antisymmetric_State<:waits.Mutex_run5,-1
antisymmetric3_State.State<:holds_GrabbedInOrder,0
antisymmetric3_State.State<:holds_GrabOrRelease,0
antisymmetric3_State.State<:holds_run1,0
antisymmetric3_State.State<:holds_run2,0
antisymmetric3_State.State<:holds_run5,0
antisymmetric3_State.State<:waits_GrabbedInOrder,0
antisymmetric3_State.State<:waits_GrabOrRelease,0
antisymmetric3_State.State<:waits_run1,0
antisymmetric3_State.State<:waits_run2,0
antisymmetric3_State.State<:waits_run5,0
antisymmetric3_State<:holds_GrabbedInOrder,1
antisymmetric3_State<:holds_GrabOrRelease,1
antisymmetric3_State<:holds_run1,1
antisymmetric3_State<:holds_run2,1
antisymmetric3_State<:holds_run5,-1
antisymmetric3_State<:holds.Mutex_GrabbedInOrder,0
antisymmetric3_State<:holds.Mutex_GrabOrRelease,0
antisymmetric3_State<:holds.Mutex_run1,0
antisymmetric3_State<:holds.Mutex_run2,0
antisymmetric3_State<:holds.Mutex_run5,0
antisymmetric3_State<:waits_GrabbedInOrder,1
antisymmetric3_State<:waits_GrabOrRelease,1
antisymmetric3_State<:waits_run1,1
antisymmetric3_State<:waits_run2,1
antisymmetric3_State<:waits_run5,-1
antisymmetric3_State<:waits.Mutex_GrabbedInOrder,0
antisymmetric3_State<:waits.Mutex_GrabOrRelease,0
antisymmetric3_State<:waits.Mutex_run1,0
antisymmetric3_State<:waits.Mutex_run2,0
antisymmetric3_State<:waits.Mutex_run5,0
bijection_State.State<:holds_GrabbedInOrder,1
bijection_State.State<:holds_GrabOrRelease,1
bijection_State.State<:holds_run1,1
bijection_State.State<:holds_run2,1
bijection_State.State<:holds_run5,-1
bijection_State.State<:waits_GrabbedInOrder,1
bijection_State.State<:waits_GrabOrRelease,-1
bijection_State.State<:waits_run1,1
bijection_State.State<:waits_run2,1
bijection_State.State<:waits_run5,-1
bijection_State<:holds_GrabbedInOrder,0
bijection_State<:holds_GrabOrRelease,0
bijection_State<:holds_run1,0
bijection_State<:holds_run2,0
bijection_State<:holds_run5,0
bijection_State<:holds.Mutex_GrabbedInOrder,1
bijection_State<:holds.Mutex_GrabOrRelease,-1
bijection_State<:holds.Mutex_run1,1
bijection_State<:holds.Mutex_run2,1
bijection_State<:holds.Mutex_run5,-1
bijection_State<:waits_GrabbedInOrder,0
bijection_State<:waits_GrabOrRelease,0
bijection_State<:waits_run1,0
bijection_State<:waits_run2,0
bijection_State<:waits_run5,0
bijection_State<:waits.Mutex_GrabbedInOrder,1
bijection_State<:waits.Mutex_GrabOrRelease,-1
bijection_State<:waits.Mutex_run1,1
bijection_State<:waits.Mutex_run2,1
bijection_State<:waits.Mutex_run5,-1
complete_State.State<:holds_GrabbedInOrder,1
complete_State.State<:holds_GrabOrRelease,1
complete_State.State<:holds_run1,1
complete_State.State<:holds_run2,1
complete_State.State<:holds_run5,-1
complete_State.State<:waits_GrabbedInOrder,1
complete_State.State<:waits_GrabOrRelease,-1
complete_State.State<:waits_run1,1
complete_State.State<:waits_run2,1
complete_State.State<:waits_run5,-1
complete_State<:holds_GrabbedInOrder,0
complete_State<:holds_GrabOrRelease,0
complete_State<:holds_run1,0
complete_State<:holds_run2,0
complete_State<:holds_run5,0
complete_State<:holds.Mutex_GrabbedInOrder,1
complete_State<:holds.Mutex_GrabOrRelease,-1
complete_State<:holds.Mutex_run1,1
complete_State<:holds.Mutex_run2,1
complete_State<:holds.Mutex_run5,-1
complete_State<:waits_GrabbedInOrder,0
complete_State<:waits_GrabOrRelease,0
complete_State<:waits_run1,0
complete_State<:waits_run2,0
complete_State<:waits_run5,0
complete_State<:waits.Mutex_GrabbedInOrder,1
complete_State<:waits.Mutex_GrabOrRelease,-1
complete_State<:waits.Mutex_run1,-1
complete_State<:waits.Mutex_run2,1
complete_State<:waits.Mutex_run5,-1
cyclic_State.State<:holds_GrabbedInOrder,0
cyclic_State.State<:holds_GrabOrRelease,0
cyclic_State.State<:holds_run1,0
cyclic_State.State<:holds_run2,0
cyclic_State.State<:holds_run5,0
cyclic_State.State<:waits_GrabbedInOrder,0
cyclic_State.State<:waits_GrabOrRelease,0
cyclic_State.State<:waits_run1,0
cyclic_State.State<:waits_run2,0
cyclic_State.State<:waits_run5,0
cyclic_State<:holds_GrabbedInOrder,-1
cyclic_State<:holds_GrabOrRelease,-1
cyclic_State<:holds_run1,-1
cyclic_State<:holds_run2,-1
cyclic_State<:holds_run5,-1
cyclic_State<:holds.Mutex_GrabbedInOrder,0
cyclic_State<:holds.Mutex_GrabOrRelease,0
cyclic_State<:holds.Mutex_run1,0
cyclic_State<:holds.Mutex_run2,0
cyclic_State<:holds.Mutex_run5,0
cyclic_State<:waits_GrabbedInOrder,-1
cyclic_State<:waits_GrabOrRelease,-1
cyclic_State<:waits_run1,-1
cyclic_State<:waits_run2,-1
cyclic_State<:waits_run5,-1
cyclic_State<:waits.Mutex_GrabbedInOrder,0
cyclic_State<:waits.Mutex_GrabOrRelease,0
cyclic_State<:waits.Mutex_run1,0
cyclic_State<:waits.Mutex_run2,0
cyclic_State<:waits.Mutex_run5,0
empty_State.State<:holds_GrabbedInOrder,-1
empty_State.State<:holds_GrabOrRelease,-1
empty_State.State<:holds_run1,-1
empty_State.State<:holds_run2,-1
empty_State.State<:holds_run5,-1
empty_State.State<:waits_GrabbedInOrder,-1
empty_State.State<:waits_GrabOrRelease,-1
empty_State.State<:waits_run1,-1
empty_State.State<:waits_run2,-1
empty_State.State<:waits_run5,-1
empty_State<:holds_GrabbedInOrder,0
empty_State<:holds_GrabOrRelease,0
empty_State<:holds_run1,0
empty_State<:holds_run2,0
empty_State<:holds_run5,0
empty_State<:holds.Mutex_GrabbedInOrder,-1
empty_State<:holds.Mutex_GrabOrRelease,-1
empty_State<:holds.Mutex_run1,-1
empty_State<:holds.Mutex_run2,-1
empty_State<:holds.Mutex_run5,-1
empty_State<:waits_GrabbedInOrder,0
empty_State<:waits_GrabOrRelease,0
empty_State<:waits_run1,0
empty_State<:waits_run2,0
empty_State<:waits_run5,0
empty_State<:waits.Mutex_GrabbedInOrder,-1
empty_State<:waits.Mutex_GrabOrRelease,-1
empty_State<:waits.Mutex_run1,-1
empty_State<:waits.Mutex_run2,-1
empty_State<:waits.Mutex_run5,-1
empty3_State.State<:holds_GrabbedInOrder,0
empty3_State.State<:holds_GrabOrRelease,0
empty3_State.State<:holds_run1,0
empty3_State.State<:holds_run2,0
empty3_State.State<:holds_run5,0
empty3_State.State<:waits_GrabbedInOrder,0
empty3_State.State<:waits_GrabOrRelease,0
empty3_State.State<:waits_run1,0
empty3_State.State<:waits_run2,0
empty3_State.State<:waits_run5,0
empty3_State<:holds_GrabbedInOrder,-1
empty3_State<:holds_GrabOrRelease,-1
empty3_State<:holds_run1,-1
empty3_State<:holds_run2,-1
empty3_State<:holds_run5,-1
empty3_State<:holds.Mutex_GrabbedInOrder,0
empty3_State<:holds.Mutex_GrabOrRelease,0
empty3_State<:holds.Mutex_run1,0
empty3_State<:holds.Mutex_run2,0
empty3_State<:holds.Mutex_run5,0
empty3_State<:waits_GrabbedInOrder,-1
empty3_State<:waits_GrabOrRelease,-1
empty3_State<:waits_run1,-1
empty3_State<:waits_run2,-1
empty3_State<:waits_run5,-1
empty3_State<:waits.Mutex_GrabbedInOrder,0
empty3_State<:waits.Mutex_GrabOrRelease,0
empty3_State<:waits.Mutex_run1,0
empty3_State<:waits.Mutex_run2,0
empty3_State<:waits.Mutex_run5,0
equivalence_State.State<:holds_GrabbedInOrder,-1
equivalence_State.State<:holds_GrabOrRelease,-1
equivalence_State.State<:holds_run1,-1
equivalence_State.State<:holds_run2,-1
equivalence_State.State<:holds_run5,-1
equivalence_State.State<:waits_GrabbedInOrder,-1
equivalence_State.State<:waits_GrabOrRelease,-1
equivalence_State.State<:waits_run1,-1
equivalence_State.State<:waits_run2,-1
equivalence_State.State<:waits_run5,-1
equivalence_State<:holds_GrabbedInOrder,0
equivalence_State<:holds_GrabOrRelease,0
equivalence_State<:holds_run1,0
equivalence_State<:holds_run2,0
equivalence_State<:holds_run5,0
equivalence_State<:holds.Mutex_GrabbedInOrder,-1
equivalence_State<:holds.Mutex_GrabOrRelease,-1
equivalence_State<:holds.Mutex_run1,-1
equivalence_State<:holds.Mutex_run2,-1
equivalence_State<:holds.Mutex_run5,-1
equivalence_State<:waits_GrabbedInOrder,0
equivalence_State<:waits_GrabOrRelease,0
equivalence_State<:waits_run1,0
equivalence_State<:waits_run2,0
equivalence_State<:waits_run5,0
equivalence_State<:waits.Mutex_GrabbedInOrder,-1
equivalence_State<:waits.Mutex_GrabOrRelease,-1
equivalence_State<:waits.Mutex_run1,-1
equivalence_State<:waits.Mutex_run2,-1
equivalence_State<:waits.Mutex_run5,-1
function_State.State<:holds_GrabbedInOrder,1
function_State.State<:holds_GrabOrRelease,1
function_State.State<:holds_run1,1
function_State.State<:holds_run2,1
function_State.State<:holds_run5,-1
function_State.State<:waits_GrabbedInOrder,1
function_State.State<:waits_GrabOrRelease,1
function_State.State<:waits_run1,1
function_State.State<:waits_run2,1
function_State.State<:waits_run5,-1
function_State<:holds_GrabbedInOrder,0
function_State<:holds_GrabOrRelease,0
function_State<:holds_run1,0
function_State<:holds_run2,0
function_State<:holds_run5,0
function_State<:holds.Mutex_GrabbedInOrder,1
function_State<:holds.Mutex_GrabOrRelease,-1
function_State<:holds.Mutex_run1,1
function_State<:holds.Mutex_run2,1
function_State<:holds.Mutex_run5,-1
function_State<:waits_GrabbedInOrder,0
function_State<:waits_GrabOrRelease,0
function_State<:waits_run1,0
function_State<:waits_run2,0
function_State<:waits_run5,0
function_State<:waits.Mutex_GrabbedInOrder,1
function_State<:waits.Mutex_GrabOrRelease,-1
function_State<:waits.Mutex_run1,1
function_State<:waits.Mutex_run2,1
function_State<:waits.Mutex_run5,-1
functional_State.State<:holds_GrabbedInOrder,1
functional_State.State<:holds_GrabOrRelease,1
functional_State.State<:holds_run1,1
functional_State.State<:holds_run2,1
functional_State.State<:holds_run5,-1
functional_State.State<:waits_GrabbedInOrder,1
functional_State.State<:waits_GrabOrRelease,1
functional_State.State<:waits_run1,1
functional_State.State<:waits_run2,1
functional_State.State<:waits_run5,-1
functional_State<:holds_GrabbedInOrder,0
functional_State<:holds_GrabOrRelease,0
functional_State<:holds_run1,0
functional_State<:holds_run2,0
functional_State<:holds_run5,0
functional_State<:holds.Mutex_GrabbedInOrder,1
functional_State<:holds.Mutex_GrabOrRelease,1
functional_State<:holds.Mutex_run1,1
functional_State<:holds.Mutex_run2,1
functional_State<:holds.Mutex_run5,-1
functional_State<:waits_GrabbedInOrder,0
functional_State<:waits_GrabOrRelease,0
functional_State<:waits_run1,0
functional_State<:waits_run2,0
functional_State<:waits_run5,0
functional_State<:waits.Mutex_GrabbedInOrder,1
functional_State<:waits.Mutex_GrabOrRelease,1
functional_State<:waits.Mutex_run1,1
functional_State<:waits.Mutex_run2,1
functional_State<:waits.Mutex_run5,-1
innerinjective_State.State<:holds_GrabbedInOrder,0
innerinjective_State.State<:holds_GrabOrRelease,0
innerinjective_State.State<:holds_run1,0
innerinjective_State.State<:holds_run2,0
innerinjective_State.State<:holds_run5,0
innerinjective_State.State<:waits_GrabbedInOrder,0
innerinjective_State.State<:waits_GrabOrRelease,0
innerinjective_State.State<:waits_run1,0
innerinjective_State.State<:waits_run2,0
innerinjective_State.State<:waits_run5,0
innerinjective_State<:holds_GrabbedInOrder,1
innerinjective_State<:holds_GrabOrRelease,1
innerinjective_State<:holds_run1,1
innerinjective_State<:holds_run2,1
innerinjective_State<:holds_run5,-1
innerinjective_State<:holds.Mutex_GrabbedInOrder,0
innerinjective_State<:holds.Mutex_GrabOrRelease,0
innerinjective_State<:holds.Mutex_run1,0
innerinjective_State<:holds.Mutex_run2,0
innerinjective_State<:holds.Mutex_run5,0
innerinjective_State<:waits_GrabbedInOrder,1
innerinjective_State<:waits_GrabOrRelease,1
innerinjective_State<:waits_run1,1
innerinjective_State<:waits_run2,1
innerinjective_State<:waits_run5,-1
innerinjective_State<:waits.Mutex_GrabbedInOrder,0
innerinjective_State<:waits.Mutex_GrabOrRelease,0
innerinjective_State<:waits.Mutex_run1,0
innerinjective_State<:waits.Mutex_run2,0
innerinjective_State<:waits.Mutex_run5,0
irreflexive_State.State<:holds_GrabbedInOrder,1
irreflexive_State.State<:holds_GrabOrRelease,1
irreflexive_State.State<:holds_run1,1
irreflexive_State.State<:holds_run2,1
irreflexive_State.State<:holds_run5,-1
irreflexive_State.State<:waits_GrabbedInOrder,1
irreflexive_State.State<:waits_GrabOrRelease,1
irreflexive_State.State<:waits_run1,1
irreflexive_State.State<:waits_run2,1
irreflexive_State.State<:waits_run5,-1
irreflexive_State<:holds_GrabbedInOrder,0
irreflexive_State<:holds_GrabOrRelease,0
irreflexive_State<:holds_run1,0
irreflexive_State<:holds_run2,0
irreflexive_State<:holds_run5,0
irreflexive_State<:holds.Mutex_GrabbedInOrder,1
irreflexive_State<:holds.Mutex_GrabOrRelease,1
irreflexive_State<:holds.Mutex_run1,1
irreflexive_State<:holds.Mutex_run2,1
irreflexive_State<:holds.Mutex_run5,-1
irreflexive_State<:waits_GrabbedInOrder,0
irreflexive_State<:waits_GrabOrRelease,0
irreflexive_State<:waits_run1,0
irreflexive_State<:waits_run2,0
irreflexive_State<:waits_run5,0
irreflexive_State<:waits.Mutex_GrabbedInOrder,1
irreflexive_State<:waits.Mutex_GrabOrRelease,1
irreflexive_State<:waits.Mutex_run1,1
irreflexive_State<:waits.Mutex_run2,1
irreflexive_State<:waits.Mutex_run5,-1
irreflexive3_State.State<:holds_GrabbedInOrder,0
irreflexive3_State.State<:holds_GrabOrRelease,0
irreflexive3_State.State<:holds_run1,0
irreflexive3_State.State<:holds_run2,0
irreflexive3_State.State<:holds_run5,0
irreflexive3_State.State<:waits_GrabbedInOrder,0
irreflexive3_State.State<:waits_GrabOrRelease,0
irreflexive3_State.State<:waits_run1,0
irreflexive3_State.State<:waits_run2,0
irreflexive3_State.State<:waits_run5,0
irreflexive3_State<:holds_GrabbedInOrder,1
irreflexive3_State<:holds_GrabOrRelease,1
irreflexive3_State<:holds_run1,1
irreflexive3_State<:holds_run2,1
irreflexive3_State<:holds_run5,-1
irreflexive3_State<:holds.Mutex_GrabbedInOrder,0
irreflexive3_State<:holds.Mutex_GrabOrRelease,0
irreflexive3_State<:holds.Mutex_run1,0
irreflexive3_State<:holds.Mutex_run2,0
irreflexive3_State<:holds.Mutex_run5,0
irreflexive3_State<:waits_GrabbedInOrder,1
irreflexive3_State<:waits_GrabOrRelease,1
irreflexive3_State<:waits_run1,1
irreflexive3_State<:waits_run2,1
irreflexive3_State<:waits_run5,-1
irreflexive3_State<:waits.Mutex_GrabbedInOrder,0
irreflexive3_State<:waits.Mutex_GrabOrRelease,0
irreflexive3_State<:waits.Mutex_run1,0
irreflexive3_State<:waits.Mutex_run2,0
irreflexive3_State<:waits.Mutex_run5,0
irreversible_State.State<:holds_GrabbedInOrder,0
irreversible_State.State<:holds_GrabOrRelease,0
irreversible_State.State<:holds_run1,0
irreversible_State.State<:holds_run2,0
irreversible_State.State<:holds_run5,0
irreversible_State.State<:waits_GrabbedInOrder,0
irreversible_State.State<:waits_GrabOrRelease,0
irreversible_State.State<:waits_run1,0
irreversible_State.State<:waits_run2,0
irreversible_State.State<:waits_run5,0
irreversible_State<:holds_GrabbedInOrder,1
irreversible_State<:holds_GrabOrRelease,1
irreversible_State<:holds_run1,1
irreversible_State<:holds_run2,1
irreversible_State<:holds_run5,-1
irreversible_State<:holds.Mutex_GrabbedInOrder,0
irreversible_State<:holds.Mutex_GrabOrRelease,0
irreversible_State<:holds.Mutex_run1,0
irreversible_State<:holds.Mutex_run2,0
irreversible_State<:holds.Mutex_run5,0
irreversible_State<:waits_GrabbedInOrder,1
irreversible_State<:waits_GrabOrRelease,1
irreversible_State<:waits_run1,1
irreversible_State<:waits_run2,1
irreversible_State<:waits_run5,-1
irreversible_State<:waits.Mutex_GrabbedInOrder,0
irreversible_State<:waits.Mutex_GrabOrRelease,0
irreversible_State<:waits.Mutex_run1,0
irreversible_State<:waits.Mutex_run2,0
irreversible_State<:waits.Mutex_run5,0
noDiamond_State.State<:holds_GrabbedInOrder,0
noDiamond_State.State<:holds_GrabOrRelease,0
noDiamond_State.State<:holds_run1,0
noDiamond_State.State<:holds_run2,0
noDiamond_State.State<:holds_run5,0
noDiamond_State.State<:waits_GrabbedInOrder,0
noDiamond_State.State<:waits_GrabOrRelease,0
noDiamond_State.State<:waits_run1,0
noDiamond_State.State<:waits_run2,0
noDiamond_State.State<:waits_run5,0
noDiamond_State<:holds_GrabbedInOrder,1
noDiamond_State<:holds_GrabOrRelease,1
noDiamond_State<:holds_run1,1
noDiamond_State<:holds_run2,1
noDiamond_State<:holds_run5,-1
noDiamond_State<:holds.Mutex_GrabbedInOrder,0
noDiamond_State<:holds.Mutex_GrabOrRelease,0
noDiamond_State<:holds.Mutex_run1,0
noDiamond_State<:holds.Mutex_run2,0
noDiamond_State<:holds.Mutex_run5,0
noDiamond_State<:waits_GrabbedInOrder,1
noDiamond_State<:waits_GrabOrRelease,1
noDiamond_State<:waits_run1,1
noDiamond_State<:waits_run2,1
noDiamond_State<:waits_run5,-1
noDiamond_State<:waits.Mutex_GrabbedInOrder,0
noDiamond_State<:waits.Mutex_GrabOrRelease,0
noDiamond_State<:waits.Mutex_run1,0
noDiamond_State<:waits.Mutex_run2,0
noDiamond_State<:waits.Mutex_run5,0
oneDom_State.State<:holds_GrabbedInOrder,0
oneDom_State.State<:holds_GrabOrRelease,0
oneDom_State.State<:holds_run1,0
oneDom_State.State<:holds_run2,0
oneDom_State.State<:holds_run5,0
oneDom_State.State<:waits_GrabbedInOrder,0
oneDom_State.State<:waits_GrabOrRelease,0
oneDom_State.State<:waits_run1,0
oneDom_State.State<:waits_run2,0
oneDom_State.State<:waits_run5,0
oneDom_State<:holds_GrabbedInOrder,1
oneDom_State<:holds_GrabOrRelease,1
oneDom_State<:holds_run1,1
oneDom_State<:holds_run2,1
oneDom_State<:holds_run5,-1
oneDom_State<:holds.Mutex_GrabbedInOrder,0
oneDom_State<:holds.Mutex_GrabOrRelease,0
oneDom_State<:holds.Mutex_run1,0
oneDom_State<:holds.Mutex_run2,0
oneDom_State<:holds.Mutex_run5,0
oneDom_State<:waits_GrabbedInOrder,1
oneDom_State<:waits_GrabOrRelease,1
oneDom_State<:waits_run1,1
oneDom_State<:waits_run2,1
oneDom_State<:waits_run5,-1
oneDom_State<:waits.Mutex_GrabbedInOrder,0
oneDom_State<:waits.Mutex_GrabOrRelease,0
oneDom_State<:waits.Mutex_run1,0
oneDom_State<:waits.Mutex_run2,0
oneDom_State<:waits.Mutex_run5,0
oneMiddle_State.State<:holds_GrabbedInOrder,0
oneMiddle_State.State<:holds_GrabOrRelease,0
oneMiddle_State.State<:holds_run1,0
oneMiddle_State.State<:holds_run2,0
oneMiddle_State.State<:holds_run5,0
oneMiddle_State.State<:waits_GrabbedInOrder,0
oneMiddle_State.State<:waits_GrabOrRelease,0
oneMiddle_State.State<:waits_run1,0
oneMiddle_State.State<:waits_run2,0
oneMiddle_State.State<:waits_run5,0
oneMiddle_State<:holds_GrabbedInOrder,1
oneMiddle_State<:holds_GrabOrRelease,1
oneMiddle_State<:holds_run1,1
oneMiddle_State<:holds_run2,1
oneMiddle_State<:holds_run5,-1
oneMiddle_State<:holds.Mutex_GrabbedInOrder,0
oneMiddle_State<:holds.Mutex_GrabOrRelease,0
oneMiddle_State<:holds.Mutex_run1,0
oneMiddle_State<:holds.Mutex_run2,0
oneMiddle_State<:holds.Mutex_run5,0
oneMiddle_State<:waits_GrabbedInOrder,1
oneMiddle_State<:waits_GrabOrRelease,1
oneMiddle_State<:waits_run1,1
oneMiddle_State<:waits_run2,1
oneMiddle_State<:waits_run5,-1
oneMiddle_State<:waits.Mutex_GrabbedInOrder,0
oneMiddle_State<:waits.Mutex_GrabOrRelease,0
oneMiddle_State<:waits.Mutex_run1,0
oneMiddle_State<:waits.Mutex_run2,0
oneMiddle_State<:waits.Mutex_run5,0
oneRange_State.State<:holds_GrabbedInOrder,0
oneRange_State.State<:holds_GrabOrRelease,0
oneRange_State.State<:holds_run1,0
oneRange_State.State<:holds_run2,0
oneRange_State.State<:holds_run5,0
oneRange_State.State<:waits_GrabbedInOrder,0
oneRange_State.State<:waits_GrabOrRelease,0
oneRange_State.State<:waits_run1,0
oneRange_State.State<:waits_run2,0
oneRange_State.State<:waits_run5,0
oneRange_State<:holds_GrabbedInOrder,1
oneRange_State<:holds_GrabOrRelease,1
oneRange_State<:holds_run1,1
oneRange_State<:holds_run2,1
oneRange_State<:holds_run5,-1
oneRange_State<:holds.Mutex_GrabbedInOrder,0
oneRange_State<:holds.Mutex_GrabOrRelease,0
oneRange_State<:holds.Mutex_run1,0
oneRange_State<:holds.Mutex_run2,0
oneRange_State<:holds.Mutex_run5,0
oneRange_State<:waits_GrabbedInOrder,1
oneRange_State<:waits_GrabOrRelease,1
oneRange_State<:waits_run1,1
oneRange_State<:waits_run2,1
oneRange_State<:waits_run5,-1
oneRange_State<:waits.Mutex_GrabbedInOrder,0
oneRange_State<:waits.Mutex_GrabOrRelease,0
oneRange_State<:waits.Mutex_run1,0
oneRange_State<:waits.Mutex_run2,0
oneRange_State<:waits.Mutex_run5,0
partialOrder_State.State<:holds_GrabbedInOrder,-1
partialOrder_State.State<:holds_GrabOrRelease,-1
partialOrder_State.State<:holds_run1,-1
partialOrder_State.State<:holds_run2,-1
partialOrder_State.State<:holds_run5,-1
partialOrder_State.State<:waits_GrabbedInOrder,-1
partialOrder_State.State<:waits_GrabOrRelease,-1
partialOrder_State.State<:waits_run1,-1
partialOrder_State.State<:waits_run2,-1
partialOrder_State.State<:waits_run5,-1
partialOrder_State<:holds_GrabbedInOrder,0
partialOrder_State<:holds_GrabOrRelease,0
partialOrder_State<:holds_run1,0
partialOrder_State<:holds_run2,0
partialOrder_State<:holds_run5,0
partialOrder_State<:holds.Mutex_GrabbedInOrder,-1
partialOrder_State<:holds.Mutex_GrabOrRelease,-1
partialOrder_State<:holds.Mutex_run1,-1
partialOrder_State<:holds.Mutex_run2,-1
partialOrder_State<:holds.Mutex_run5,-1
partialOrder_State<:waits_GrabbedInOrder,0
partialOrder_State<:waits_GrabOrRelease,0
partialOrder_State<:waits_run1,0
partialOrder_State<:waits_run2,0
partialOrder_State<:waits_run5,0
partialOrder_State<:waits.Mutex_GrabbedInOrder,-1
partialOrder_State<:waits.Mutex_GrabOrRelease,-1
partialOrder_State<:waits.Mutex_run1,-1
partialOrder_State<:waits.Mutex_run2,-1
partialOrder_State<:waits.Mutex_run5,-1
preorder_State.State<:holds_GrabbedInOrder,-1
preorder_State.State<:holds_GrabOrRelease,-1
preorder_State.State<:holds_run1,-1
preorder_State.State<:holds_run2,-1
preorder_State.State<:holds_run5,-1
preorder_State.State<:waits_GrabbedInOrder,-1
preorder_State.State<:waits_GrabOrRelease,-1
preorder_State.State<:waits_run1,-1
preorder_State.State<:waits_run2,-1
preorder_State.State<:waits_run5,-1
preorder_State<:holds_GrabbedInOrder,0
preorder_State<:holds_GrabOrRelease,0
preorder_State<:holds_run1,0
preorder_State<:holds_run2,0
preorder_State<:holds_run5,0
preorder_State<:holds.Mutex_GrabbedInOrder,-1
preorder_State<:holds.Mutex_GrabOrRelease,-1
preorder_State<:holds.Mutex_run1,-1
preorder_State<:holds.Mutex_run2,-1
preorder_State<:holds.Mutex_run5,-1
preorder_State<:waits_GrabbedInOrder,0
preorder_State<:waits_GrabOrRelease,0
preorder_State<:waits_run1,0
preorder_State<:waits_run2,0
preorder_State<:waits_run5,0
preorder_State<:waits.Mutex_GrabbedInOrder,-1
preorder_State<:waits.Mutex_GrabOrRelease,-1
preorder_State<:waits.Mutex_run1,-1
preorder_State<:waits.Mutex_run2,-1
preorder_State<:waits.Mutex_run5,-1
reflexive_State.State<:holds_GrabbedInOrder,-1
reflexive_State.State<:holds_GrabOrRelease,-1
reflexive_State.State<:holds_run1,-1
reflexive_State.State<:holds_run2,-1
reflexive_State.State<:holds_run5,-1
reflexive_State.State<:waits_GrabbedInOrder,-1
reflexive_State.State<:waits_GrabOrRelease,-1
reflexive_State.State<:waits_run1,-1
reflexive_State.State<:waits_run2,-1
reflexive_State.State<:waits_run5,-1
reflexive_State<:holds_GrabbedInOrder,0
reflexive_State<:holds_GrabOrRelease,0
reflexive_State<:holds_run1,0
reflexive_State<:holds_run2,0
reflexive_State<:holds_run5,0
reflexive_State<:holds.Mutex_GrabbedInOrder,-1
reflexive_State<:holds.Mutex_GrabOrRelease,-1
reflexive_State<:holds.Mutex_run1,-1
reflexive_State<:holds.Mutex_run2,-1
reflexive_State<:holds.Mutex_run5,-1
reflexive_State<:waits_GrabbedInOrder,0
reflexive_State<:waits_GrabOrRelease,0
reflexive_State<:waits_run1,0
reflexive_State<:waits_run2,0
reflexive_State<:waits_run5,0
reflexive_State<:waits.Mutex_GrabbedInOrder,-1
reflexive_State<:waits.Mutex_GrabOrRelease,-1
reflexive_State<:waits.Mutex_run1,-1
reflexive_State<:waits.Mutex_run2,-1
reflexive_State<:waits.Mutex_run5,-1
regular_State.State<:holds_GrabbedInOrder,0
regular_State.State<:holds_GrabOrRelease,0
regular_State.State<:holds_run1,0
regular_State.State<:holds_run2,0
regular_State.State<:holds_run5,0
regular_State.State<:waits_GrabbedInOrder,0
regular_State.State<:waits_GrabOrRelease,0
regular_State.State<:waits_run1,0
regular_State.State<:waits_run2,0
regular_State.State<:waits_run5,0
regular_State<:holds_GrabbedInOrder,-1
regular_State<:holds_GrabOrRelease,-1
regular_State<:holds_run1,-1
regular_State<:holds_run2,-1
regular_State<:holds_run5,-1
regular_State<:holds.Mutex_GrabbedInOrder,0
regular_State<:holds.Mutex_GrabOrRelease,0
regular_State<:holds.Mutex_run1,0
regular_State<:holds.Mutex_run2,0
regular_State<:holds.Mutex_run5,0
regular_State<:waits_GrabbedInOrder,-1
regular_State<:waits_GrabOrRelease,-1
regular_State<:waits_run1,-1
regular_State<:waits_run2,-1
regular_State<:waits_run5,-1
regular_State<:waits.Mutex_GrabbedInOrder,0
regular_State<:waits.Mutex_GrabOrRelease,0
regular_State<:waits.Mutex_run1,0
regular_State<:waits.Mutex_run2,0
regular_State<:waits.Mutex_run5,0
rootedAll_State.State<:holds_GrabbedInOrder,1
rootedAll_State.State<:holds_GrabOrRelease,1
rootedAll_State.State<:holds_run1,1
rootedAll_State.State<:holds_run2,1
rootedAll_State.State<:holds_run5,-1
rootedAll_State.State<:waits_GrabbedInOrder,1
rootedAll_State.State<:waits_GrabOrRelease,-1
rootedAll_State.State<:waits_run1,1
rootedAll_State.State<:waits_run2,1
rootedAll_State.State<:waits_run5,-1
rootedAll_State<:holds_GrabbedInOrder,0
rootedAll_State<:holds_GrabOrRelease,0
rootedAll_State<:holds_run1,0
rootedAll_State<:holds_run2,0
rootedAll_State<:holds_run5,0
rootedAll_State<:holds.Mutex_GrabbedInOrder,1
rootedAll_State<:holds.Mutex_GrabOrRelease,-1
rootedAll_State<:holds.Mutex_run1,1
rootedAll_State<:holds.Mutex_run2,1
rootedAll_State<:holds.Mutex_run5,-1
rootedAll_State<:waits_GrabbedInOrder,0
rootedAll_State<:waits_GrabOrRelease,0
rootedAll_State<:waits_run1,0
rootedAll_State<:waits_run2,0
rootedAll_State<:waits_run5,0
rootedAll_State<:waits.Mutex_GrabbedInOrder,1
rootedAll_State<:waits.Mutex_GrabOrRelease,-1
rootedAll_State<:waits.Mutex_run1,-1
rootedAll_State<:waits.Mutex_run2,1
rootedAll_State<:waits.Mutex_run5,-1
rootedOne_State.State<:holds_GrabbedInOrder,1
rootedOne_State.State<:holds_GrabOrRelease,1
rootedOne_State.State<:holds_run1,1
rootedOne_State.State<:holds_run2,1
rootedOne_State.State<:holds_run5,-1
rootedOne_State.State<:waits_GrabbedInOrder,1
rootedOne_State.State<:waits_GrabOrRelease,-1
rootedOne_State.State<:waits_run1,1
rootedOne_State.State<:waits_run2,1
rootedOne_State.State<:waits_run5,-1
rootedOne_State<:holds_GrabbedInOrder,0
rootedOne_State<:holds_GrabOrRelease,0
rootedOne_State<:holds_run1,0
rootedOne_State<:holds_run2,0
rootedOne_State<:holds_run5,0
rootedOne_State<:holds.Mutex_GrabbedInOrder,1
rootedOne_State<:holds.Mutex_GrabOrRelease,1
rootedOne_State<:holds.Mutex_run1,1
rootedOne_State<:holds.Mutex_run2,1
rootedOne_State<:holds.Mutex_run5,-1
rootedOne_State<:waits_GrabbedInOrder,0
rootedOne_State<:waits_GrabOrRelease,0
rootedOne_State<:waits_run1,0
rootedOne_State<:waits_run2,0
rootedOne_State<:waits_run5,0
rootedOne_State<:waits.Mutex_GrabbedInOrder,1
rootedOne_State<:waits.Mutex_GrabOrRelease,1
rootedOne_State<:waits.Mutex_run1,-1
rootedOne_State<:waits.Mutex_run2,1
rootedOne_State<:waits.Mutex_run5,-1
stronglyConnected_State.State<:holds_GrabbedInOrder,1
stronglyConnected_State.State<:holds_GrabOrRelease,1
stronglyConnected_State.State<:holds_run1,1
stronglyConnected_State.State<:holds_run2,1
stronglyConnected_State.State<:holds_run5,-1
stronglyConnected_State.State<:waits_GrabbedInOrder,1
stronglyConnected_State.State<:waits_GrabOrRelease,-1
stronglyConnected_State.State<:waits_run1,1
stronglyConnected_State.State<:waits_run2,1
stronglyConnected_State.State<:waits_run5,-1
stronglyConnected_State<:holds_GrabbedInOrder,0
stronglyConnected_State<:holds_GrabOrRelease,0
stronglyConnected_State<:holds_run1,0
stronglyConnected_State<:holds_run2,0
stronglyConnected_State<:holds_run5,0
stronglyConnected_State<:holds.Mutex_GrabbedInOrder,1
stronglyConnected_State<:holds.Mutex_GrabOrRelease,-1
stronglyConnected_State<:holds.Mutex_run1,1
stronglyConnected_State<:holds.Mutex_run2,1
stronglyConnected_State<:holds.Mutex_run5,-1
stronglyConnected_State<:waits_GrabbedInOrder,0
stronglyConnected_State<:waits_GrabOrRelease,0
stronglyConnected_State<:waits_run1,0
stronglyConnected_State<:waits_run2,0
stronglyConnected_State<:waits_run5,0
stronglyConnected_State<:waits.Mutex_GrabbedInOrder,1
stronglyConnected_State<:waits.Mutex_GrabOrRelease,-1
stronglyConnected_State<:waits.Mutex_run1,-1
stronglyConnected_State<:waits.Mutex_run2,1
stronglyConnected_State<:waits.Mutex_run5,-1
symmetric_State.State<:holds_GrabbedInOrder,-1
symmetric_State.State<:holds_GrabOrRelease,-1
symmetric_State.State<:holds_run1,-1
symmetric_State.State<:holds_run2,-1
symmetric_State.State<:holds_run5,-1
symmetric_State.State<:waits_GrabbedInOrder,-1
symmetric_State.State<:waits_GrabOrRelease,-1
symmetric_State.State<:waits_run1,-1
symmetric_State.State<:waits_run2,-1
symmetric_State.State<:waits_run5,-1
symmetric_State<:holds_GrabbedInOrder,0
symmetric_State<:holds_GrabOrRelease,0
symmetric_State<:holds_run1,0
symmetric_State<:holds_run2,0
symmetric_State<:holds_run5,0
symmetric_State<:holds.Mutex_GrabbedInOrder,-1
symmetric_State<:holds.Mutex_GrabOrRelease,-1
symmetric_State<:holds.Mutex_run1,-1
symmetric_State<:holds.Mutex_run2,-1
symmetric_State<:holds.Mutex_run5,-1
symmetric_State<:waits_GrabbedInOrder,0
symmetric_State<:waits_GrabOrRelease,0
symmetric_State<:waits_run1,0
symmetric_State<:waits_run2,0
symmetric_State<:waits_run5,0
symmetric_State<:waits.Mutex_GrabbedInOrder,-1
symmetric_State<:waits.Mutex_GrabOrRelease,-1
symmetric_State<:waits.Mutex_run1,-1
symmetric_State<:waits.Mutex_run2,-1
symmetric_State<:waits.Mutex_run5,-1
symmetric3_State.State<:holds_GrabbedInOrder,0
symmetric3_State.State<:holds_GrabOrRelease,0
symmetric3_State.State<:holds_run1,0
symmetric3_State.State<:holds_run2,0
symmetric3_State.State<:holds_run5,0
symmetric3_State.State<:waits_GrabbedInOrder,0
symmetric3_State.State<:waits_GrabOrRelease,0
symmetric3_State.State<:waits_run1,0
symmetric3_State.State<:waits_run2,0
symmetric3_State.State<:waits_run5,0
symmetric3_State<:holds_GrabbedInOrder,-1
symmetric3_State<:holds_GrabOrRelease,-1
symmetric3_State<:holds_run1,-1
symmetric3_State<:holds_run2,-1
symmetric3_State<:holds_run5,-1
symmetric3_State<:holds.Mutex_GrabbedInOrder,0
symmetric3_State<:holds.Mutex_GrabOrRelease,0
symmetric3_State<:holds.Mutex_run1,0
symmetric3_State<:holds.Mutex_run2,0
symmetric3_State<:holds.Mutex_run5,0
symmetric3_State<:waits_GrabbedInOrder,-1
symmetric3_State<:waits_GrabOrRelease,-1
symmetric3_State<:waits_run1,-1
symmetric3_State<:waits_run2,-1
symmetric3_State<:waits_run5,-1
symmetric3_State<:waits.Mutex_GrabbedInOrder,0
symmetric3_State<:waits.Mutex_GrabOrRelease,0
symmetric3_State<:waits.Mutex_run1,0
symmetric3_State<:waits.Mutex_run2,0
symmetric3_State<:waits.Mutex_run5,0
total_State.State<:holds_GrabbedInOrder,1
total_State.State<:holds_GrabOrRelease,1
total_State.State<:holds_run1,1
total_State.State<:holds_run2,1
total_State.State<:holds_run5,-1
total_State.State<:waits_GrabbedInOrder,1
total_State.State<:waits_GrabOrRelease,1
total_State.State<:waits_run1,1
total_State.State<:waits_run2,1
total_State.State<:waits_run5,-1
total_State<:holds_GrabbedInOrder,0
total_State<:holds_GrabOrRelease,0
total_State<:holds_run1,0
total_State<:holds_run2,0
total_State<:holds_run5,0
total_State<:holds.Mutex_GrabbedInOrder,1
total_State<:holds.Mutex_GrabOrRelease,-1
total_State<:holds.Mutex_run1,1
total_State<:holds.Mutex_run2,1
total_State<:holds.Mutex_run5,-1
total_State<:waits_GrabbedInOrder,0
total_State<:waits_GrabOrRelease,0
total_State<:waits_run1,0
total_State<:waits_run2,0
total_State<:waits_run5,0
total_State<:waits.Mutex_GrabbedInOrder,1
total_State<:waits.Mutex_GrabOrRelease,-1
total_State<:waits.Mutex_run1,1
total_State<:waits.Mutex_run2,1
total_State<:waits.Mutex_run5,-1
totalOrder_State.State<:holds_GrabbedInOrder,-1
totalOrder_State.State<:holds_GrabOrRelease,-1
totalOrder_State.State<:holds_run1,-1
totalOrder_State.State<:holds_run2,-1
totalOrder_State.State<:holds_run5,-1
totalOrder_State.State<:waits_GrabbedInOrder,-1
totalOrder_State.State<:waits_GrabOrRelease,-1
totalOrder_State.State<:waits_run1,-1
totalOrder_State.State<:waits_run2,-1
totalOrder_State.State<:waits_run5,-1
totalOrder_State<:holds_GrabbedInOrder,0
totalOrder_State<:holds_GrabOrRelease,0
totalOrder_State<:holds_run1,0
totalOrder_State<:holds_run2,0
totalOrder_State<:holds_run5,0
totalOrder_State<:holds.Mutex_GrabbedInOrder,-1
totalOrder_State<:holds.Mutex_GrabOrRelease,-1
totalOrder_State<:holds.Mutex_run1,-1
totalOrder_State<:holds.Mutex_run2,-1
totalOrder_State<:holds.Mutex_run5,-1
totalOrder_State<:waits_GrabbedInOrder,0
totalOrder_State<:waits_GrabOrRelease,0
totalOrder_State<:waits_run1,0
totalOrder_State<:waits_run2,0
totalOrder_State<:waits_run5,0
totalOrder_State<:waits.Mutex_GrabbedInOrder,-1
totalOrder_State<:waits.Mutex_GrabOrRelease,-1
totalOrder_State<:waits.Mutex_run1,-1
totalOrder_State<:waits.Mutex_run2,-1
totalOrder_State<:waits.Mutex_run5,-1
transitive_State.State<:holds_GrabbedInOrder,1
transitive_State.State<:holds_GrabOrRelease,1
transitive_State.State<:holds_run1,1
transitive_State.State<:holds_run2,1
transitive_State.State<:holds_run5,-1
transitive_State.State<:waits_GrabbedInOrder,1
transitive_State.State<:waits_GrabOrRelease,1
transitive_State.State<:waits_run1,1
transitive_State.State<:waits_run2,1
transitive_State.State<:waits_run5,-1
transitive_State<:holds_GrabbedInOrder,0
transitive_State<:holds_GrabOrRelease,0
transitive_State<:holds_run1,0
transitive_State<:holds_run2,0
transitive_State<:holds_run5,0
transitive_State<:holds.Mutex_GrabbedInOrder,1
transitive_State<:holds.Mutex_GrabOrRelease,1
transitive_State<:holds.Mutex_run1,1
transitive_State<:holds.Mutex_run2,1
transitive_State<:holds.Mutex_run5,-1
transitive_State<:waits_GrabbedInOrder,0
transitive_State<:waits_GrabOrRelease,0
transitive_State<:waits_run1,0
transitive_State<:waits_run2,0
transitive_State<:waits_run5,0
transitive_State<:waits.Mutex_GrabbedInOrder,1
transitive_State<:waits.Mutex_GrabOrRelease,1
transitive_State<:waits.Mutex_run1,1
transitive_State<:waits.Mutex_run2,1
transitive_State<:waits.Mutex_run5,-1
transitive3_State.State<:holds_GrabbedInOrder,0
transitive3_State.State<:holds_GrabOrRelease,0
transitive3_State.State<:holds_run1,0
transitive3_State.State<:holds_run2,0
transitive3_State.State<:holds_run5,0
transitive3_State.State<:waits_GrabbedInOrder,0
transitive3_State.State<:waits_GrabOrRelease,0
transitive3_State.State<:waits_run1,0
transitive3_State.State<:waits_run2,0
transitive3_State.State<:waits_run5,0
transitive3_State<:holds_GrabbedInOrder,1
transitive3_State<:holds_GrabOrRelease,1
transitive3_State<:holds_run1,1
transitive3_State<:holds_run2,1
transitive3_State<:holds_run5,-1
transitive3_State<:holds.Mutex_GrabbedInOrder,0
transitive3_State<:holds.Mutex_GrabOrRelease,0
transitive3_State<:holds.Mutex_run1,0
transitive3_State<:holds.Mutex_run2,0
transitive3_State<:holds.Mutex_run5,0
transitive3_State<:waits_GrabbedInOrder,1
transitive3_State<:waits_GrabOrRelease,1
transitive3_State<:waits_run1,1
transitive3_State<:waits_run2,1
transitive3_State<:waits_run5,-1
transitive3_State<:waits.Mutex_GrabbedInOrder,0
transitive3_State<:waits.Mutex_GrabOrRelease,0
transitive3_State<:waits.Mutex_run1,0
transitive3_State<:waits.Mutex_run2,0
transitive3_State<:waits.Mutex_run5,0
translative_State.State<:holds_GrabbedInOrder,0
translative_State.State<:holds_GrabOrRelease,0
translative_State.State<:holds_run1,0
translative_State.State<:holds_run2,0
translative_State.State<:holds_run5,0
translative_State.State<:waits_GrabbedInOrder,0
translative_State.State<:waits_GrabOrRelease,0
translative_State.State<:waits_run1,0
translative_State.State<:waits_run2,0
translative_State.State<:waits_run5,0
translative_State<:holds_GrabbedInOrder,-1
translative_State<:holds_GrabOrRelease,-1
translative_State<:holds_run1,-1
translative_State<:holds_run2,-1
translative_State<:holds_run5,-1
translative_State<:holds.Mutex_GrabbedInOrder,0
translative_State<:holds.Mutex_GrabOrRelease,0
translative_State<:holds.Mutex_run1,0
translative_State<:holds.Mutex_run2,0
translative_State<:holds.Mutex_run5,0
translative_State<:waits_GrabbedInOrder,-1
translative_State<:waits_GrabOrRelease,-1
translative_State<:waits_run1,-1
translative_State<:waits_run2,-1
translative_State<:waits_run5,-1
translative_State<:waits.Mutex_GrabbedInOrder,0
translative_State<:waits.Mutex_GrabOrRelease,0
translative_State<:waits.Mutex_run1,0
translative_State<:waits.Mutex_run2,0
translative_State<:waits.Mutex_run5,0
tripleBijection_State.State<:holds_GrabbedInOrder,0
tripleBijection_State.State<:holds_GrabOrRelease,0
tripleBijection_State.State<:holds_run1,0
tripleBijection_State.State<:holds_run2,0
tripleBijection_State.State<:holds_run5,0
tripleBijection_State.State<:waits_GrabbedInOrder,0
tripleBijection_State.State<:waits_GrabOrRelease,0
tripleBijection_State.State<:waits_run1,0
tripleBijection_State.State<:waits_run2,0
tripleBijection_State.State<:waits_run5,0
tripleBijection_State<:holds_GrabbedInOrder,-1
tripleBijection_State<:holds_GrabOrRelease,-1
tripleBijection_State<:holds_run1,-1
tripleBijection_State<:holds_run2,-1
tripleBijection_State<:holds_run5,-1
tripleBijection_State<:holds.Mutex_GrabbedInOrder,0
tripleBijection_State<:holds.Mutex_GrabOrRelease,0
tripleBijection_State<:holds.Mutex_run1,0
tripleBijection_State<:holds.Mutex_run2,0
tripleBijection_State<:holds.Mutex_run5,0
tripleBijection_State<:waits_GrabbedInOrder,-1
tripleBijection_State<:waits_GrabOrRelease,-1
tripleBijection_State<:waits_run1,-1
tripleBijection_State<:waits_run2,-1
tripleBijection_State<:waits_run5,-1
tripleBijection_State<:waits.Mutex_GrabbedInOrder,0
tripleBijection_State<:waits.Mutex_GrabOrRelease,0
tripleBijection_State<:waits.Mutex_run1,0
tripleBijection_State<:waits.Mutex_run2,0
tripleBijection_State<:waits.Mutex_run5,0
tripleBijective_State.State<:holds_GrabbedInOrder,0
tripleBijective_State.State<:holds_GrabOrRelease,0
tripleBijective_State.State<:holds_run1,0
tripleBijective_State.State<:holds_run2,0
tripleBijective_State.State<:holds_run5,0
tripleBijective_State.State<:waits_GrabbedInOrder,0
tripleBijective_State.State<:waits_GrabOrRelease,0
tripleBijective_State.State<:waits_run1,0
tripleBijective_State.State<:waits_run2,0
tripleBijective_State.State<:waits_run5,0
tripleBijective_State<:holds_GrabbedInOrder,1
tripleBijective_State<:holds_GrabOrRelease,-1
tripleBijective_State<:holds_run1,1
tripleBijective_State<:holds_run2,1
tripleBijective_State<:holds_run5,-1
tripleBijective_State<:holds.Mutex_GrabbedInOrder,0
tripleBijective_State<:holds.Mutex_GrabOrRelease,0
tripleBijective_State<:holds.Mutex_run1,0
tripleBijective_State<:holds.Mutex_run2,0
tripleBijective_State<:holds.Mutex_run5,0
tripleBijective_State<:waits_GrabbedInOrder,1
tripleBijective_State<:waits_GrabOrRelease,-1
tripleBijective_State<:waits_run1,1
tripleBijective_State<:waits_run2,1
tripleBijective_State<:waits_run5,-1
tripleBijective_State<:waits.Mutex_GrabbedInOrder,0
tripleBijective_State<:waits.Mutex_GrabOrRelease,0
tripleBijective_State<:waits.Mutex_run1,0
tripleBijective_State<:waits.Mutex_run2,0
tripleBijective_State<:waits.Mutex_run5,0
tripleComplete_State.State<:holds_GrabbedInOrder,0
tripleComplete_State.State<:holds_GrabOrRelease,0
tripleComplete_State.State<:holds_run1,0
tripleComplete_State.State<:holds_run2,0
tripleComplete_State.State<:holds_run5,0
tripleComplete_State.State<:waits_GrabbedInOrder,0
tripleComplete_State.State<:waits_GrabOrRelease,0
tripleComplete_State.State<:waits_run1,0
tripleComplete_State.State<:waits_run2,0
tripleComplete_State.State<:waits_run5,0
tripleComplete_State<:holds_GrabbedInOrder,1
tripleComplete_State<:holds_GrabOrRelease,-1
tripleComplete_State<:holds_run1,1
tripleComplete_State<:holds_run2,1
tripleComplete_State<:holds_run5,-1
tripleComplete_State<:holds.Mutex_GrabbedInOrder,0
tripleComplete_State<:holds.Mutex_GrabOrRelease,0
tripleComplete_State<:holds.Mutex_run1,0
tripleComplete_State<:holds.Mutex_run2,0
tripleComplete_State<:holds.Mutex_run5,0
tripleComplete_State<:waits_GrabbedInOrder,1
tripleComplete_State<:waits_GrabOrRelease,-1
tripleComplete_State<:waits_run1,-1
tripleComplete_State<:waits_run2,1
tripleComplete_State<:waits_run5,-1
tripleComplete_State<:waits.Mutex_GrabbedInOrder,0
tripleComplete_State<:waits.Mutex_GrabOrRelease,0
tripleComplete_State<:waits.Mutex_run1,0
tripleComplete_State<:waits.Mutex_run2,0
tripleComplete_State<:waits.Mutex_run5,0
tripleFunction_State.State<:holds_GrabbedInOrder,0
tripleFunction_State.State<:holds_GrabOrRelease,0
tripleFunction_State.State<:holds_run1,0
tripleFunction_State.State<:holds_run2,0
tripleFunction_State.State<:holds_run5,0
tripleFunction_State.State<:waits_GrabbedInOrder,0
tripleFunction_State.State<:waits_GrabOrRelease,0
tripleFunction_State.State<:waits_run1,0
tripleFunction_State.State<:waits_run2,0
tripleFunction_State.State<:waits_run5,0
tripleFunction_State<:holds_GrabbedInOrder,1
tripleFunction_State<:holds_GrabOrRelease,-1
tripleFunction_State<:holds_run1,1
tripleFunction_State<:holds_run2,1
tripleFunction_State<:holds_run5,-1
tripleFunction_State<:holds.Mutex_GrabbedInOrder,0
tripleFunction_State<:holds.Mutex_GrabOrRelease,0
tripleFunction_State<:holds.Mutex_run1,0
tripleFunction_State<:holds.Mutex_run2,0
tripleFunction_State<:holds.Mutex_run5,0
tripleFunction_State<:waits_GrabbedInOrder,1
tripleFunction_State<:waits_GrabOrRelease,-1
tripleFunction_State<:waits_run1,1
tripleFunction_State<:waits_run2,1
tripleFunction_State<:waits_run5,-1
tripleFunction_State<:waits.Mutex_GrabbedInOrder,0
tripleFunction_State<:waits.Mutex_GrabOrRelease,0
tripleFunction_State<:waits.Mutex_run1,0
tripleFunction_State<:waits.Mutex_run2,0
tripleFunction_State<:waits.Mutex_run5,0
tripleFunctional_State.State<:holds_GrabbedInOrder,0
tripleFunctional_State.State<:holds_GrabOrRelease,0
tripleFunctional_State.State<:holds_run1,0
tripleFunctional_State.State<:holds_run2,0
tripleFunctional_State.State<:holds_run5,0
tripleFunctional_State.State<:waits_GrabbedInOrder,0
tripleFunctional_State.State<:waits_GrabOrRelease,0
tripleFunctional_State.State<:waits_run1,0
tripleFunctional_State.State<:waits_run2,0
tripleFunctional_State.State<:waits_run5,0
tripleFunctional_State<:holds_GrabbedInOrder,1
tripleFunctional_State<:holds_GrabOrRelease,1
tripleFunctional_State<:holds_run1,1
tripleFunctional_State<:holds_run2,1
tripleFunctional_State<:holds_run5,-1
tripleFunctional_State<:holds.Mutex_GrabbedInOrder,0
tripleFunctional_State<:holds.Mutex_GrabOrRelease,0
tripleFunctional_State<:holds.Mutex_run1,0
tripleFunctional_State<:holds.Mutex_run2,0
tripleFunctional_State<:holds.Mutex_run5,0
tripleFunctional_State<:waits_GrabbedInOrder,1
tripleFunctional_State<:waits_GrabOrRelease,1
tripleFunctional_State<:waits_run1,1
tripleFunctional_State<:waits_run2,1
tripleFunctional_State<:waits_run5,-1
tripleFunctional_State<:waits.Mutex_GrabbedInOrder,0
tripleFunctional_State<:waits.Mutex_GrabOrRelease,0
tripleFunctional_State<:waits.Mutex_run1,0
tripleFunctional_State<:waits.Mutex_run2,0
tripleFunctional_State<:waits.Mutex_run5,0
tripleInjective_State.State<:holds_GrabbedInOrder,0
tripleInjective_State.State<:holds_GrabOrRelease,0
tripleInjective_State.State<:holds_run1,0
tripleInjective_State.State<:holds_run2,0
tripleInjective_State.State<:holds_run5,0
tripleInjective_State.State<:waits_GrabbedInOrder,0
tripleInjective_State.State<:waits_GrabOrRelease,0
tripleInjective_State.State<:waits_run1,0
tripleInjective_State.State<:waits_run2,0
tripleInjective_State.State<:waits_run5,0
tripleInjective_State<:holds_GrabbedInOrder,1
tripleInjective_State<:holds_GrabOrRelease,1
tripleInjective_State<:holds_run1,1
tripleInjective_State<:holds_run2,1
tripleInjective_State<:holds_run5,-1
tripleInjective_State<:holds.Mutex_GrabbedInOrder,0
tripleInjective_State<:holds.Mutex_GrabOrRelease,0
tripleInjective_State<:holds.Mutex_run1,0
tripleInjective_State<:holds.Mutex_run2,0
tripleInjective_State<:holds.Mutex_run5,0
tripleInjective_State<:waits_GrabbedInOrder,1
tripleInjective_State<:waits_GrabOrRelease,1
tripleInjective_State<:waits_run1,1
tripleInjective_State<:waits_run2,1
tripleInjective_State<:waits_run5,-1
tripleInjective_State<:waits.Mutex_GrabbedInOrder,0
tripleInjective_State<:waits.Mutex_GrabOrRelease,0
tripleInjective_State<:waits.Mutex_run1,0
tripleInjective_State<:waits.Mutex_run2,0
tripleInjective_State<:waits.Mutex_run5,0
tripleRootedOne_State.State<:holds_GrabbedInOrder,0
tripleRootedOne_State.State<:holds_GrabOrRelease,0
tripleRootedOne_State.State<:holds_run1,0
tripleRootedOne_State.State<:holds_run2,0
tripleRootedOne_State.State<:holds_run5,0
tripleRootedOne_State.State<:waits_GrabbedInOrder,0
tripleRootedOne_State.State<:waits_GrabOrRelease,0
tripleRootedOne_State.State<:waits_run1,0
tripleRootedOne_State.State<:waits_run2,0
tripleRootedOne_State.State<:waits_run5,0
tripleRootedOne_State<:holds_GrabbedInOrder,1
tripleRootedOne_State<:holds_GrabOrRelease,1
tripleRootedOne_State<:holds_run1,1
tripleRootedOne_State<:holds_run2,1
tripleRootedOne_State<:holds_run5,-1
tripleRootedOne_State<:holds.Mutex_GrabbedInOrder,0
tripleRootedOne_State<:holds.Mutex_GrabOrRelease,0
tripleRootedOne_State<:holds.Mutex_run1,0
tripleRootedOne_State<:holds.Mutex_run2,0
tripleRootedOne_State<:holds.Mutex_run5,0
tripleRootedOne_State<:waits_GrabbedInOrder,1
tripleRootedOne_State<:waits_GrabOrRelease,-1
tripleRootedOne_State<:waits_run1,1
tripleRootedOne_State<:waits_run2,1
tripleRootedOne_State<:waits_run5,-1
tripleRootedOne_State<:waits.Mutex_GrabbedInOrder,0
tripleRootedOne_State<:waits.Mutex_GrabOrRelease,0
tripleRootedOne_State<:waits.Mutex_run1,0
tripleRootedOne_State<:waits.Mutex_run2,0
tripleRootedOne_State<:waits.Mutex_run5,0
tripleSourcesAll_State.State<:holds_GrabbedInOrder,0
tripleSourcesAll_State.State<:holds_GrabOrRelease,0
tripleSourcesAll_State.State<:holds_run1,0
tripleSourcesAll_State.State<:holds_run2,0
tripleSourcesAll_State.State<:holds_run5,0
tripleSourcesAll_State.State<:waits_GrabbedInOrder,0
tripleSourcesAll_State.State<:waits_GrabOrRelease,0
tripleSourcesAll_State.State<:waits_run1,0
tripleSourcesAll_State.State<:waits_run2,0
tripleSourcesAll_State.State<:waits_run5,0
tripleSourcesAll_State<:holds_GrabbedInOrder,1
tripleSourcesAll_State<:holds_GrabOrRelease,-1
tripleSourcesAll_State<:holds_run1,1
tripleSourcesAll_State<:holds_run2,1
tripleSourcesAll_State<:holds_run5,-1
tripleSourcesAll_State<:holds.Mutex_GrabbedInOrder,0
tripleSourcesAll_State<:holds.Mutex_GrabOrRelease,0
tripleSourcesAll_State<:holds.Mutex_run1,0
tripleSourcesAll_State<:holds.Mutex_run2,0
tripleSourcesAll_State<:holds.Mutex_run5,0
tripleSourcesAll_State<:waits_GrabbedInOrder,1
tripleSourcesAll_State<:waits_GrabOrRelease,-1
tripleSourcesAll_State<:waits_run1,1
tripleSourcesAll_State<:waits_run2,1
tripleSourcesAll_State<:waits_run5,-1
tripleSourcesAll_State<:waits.Mutex_GrabbedInOrder,0
tripleSourcesAll_State<:waits.Mutex_GrabOrRelease,0
tripleSourcesAll_State<:waits.Mutex_run1,0
tripleSourcesAll_State<:waits.Mutex_run2,0
tripleSourcesAll_State<:waits.Mutex_run5,0
tripleStronglyConnected_State.State<:holds_GrabbedInOrder,0
tripleStronglyConnected_State.State<:holds_GrabOrRelease,0
tripleStronglyConnected_State.State<:holds_run1,0
tripleStronglyConnected_State.State<:holds_run2,0
tripleStronglyConnected_State.State<:holds_run5,0
tripleStronglyConnected_State.State<:waits_GrabbedInOrder,0
tripleStronglyConnected_State.State<:waits_GrabOrRelease,0
tripleStronglyConnected_State.State<:waits_run1,0
tripleStronglyConnected_State.State<:waits_run2,0
tripleStronglyConnected_State.State<:waits_run5,0
tripleStronglyConnected_State<:holds_GrabbedInOrder,1
tripleStronglyConnected_State<:holds_GrabOrRelease,-1
tripleStronglyConnected_State<:holds_run1,1
tripleStronglyConnected_State<:holds_run2,1
tripleStronglyConnected_State<:holds_run5,-1
tripleStronglyConnected_State<:holds.Mutex_GrabbedInOrder,0
tripleStronglyConnected_State<:holds.Mutex_GrabOrRelease,0
tripleStronglyConnected_State<:holds.Mutex_run1,0
tripleStronglyConnected_State<:holds.Mutex_run2,0
tripleStronglyConnected_State<:holds.Mutex_run5,0
tripleStronglyConnected_State<:waits_GrabbedInOrder,1
tripleStronglyConnected_State<:waits_GrabOrRelease,-1
tripleStronglyConnected_State<:waits_run1,-1
tripleStronglyConnected_State<:waits_run2,1
tripleStronglyConnected_State<:waits_run5,-1
tripleStronglyConnected_State<:waits.Mutex_GrabbedInOrder,0
tripleStronglyConnected_State<:waits.Mutex_GrabOrRelease,0
tripleStronglyConnected_State<:waits.Mutex_run1,0
tripleStronglyConnected_State<:waits.Mutex_run2,0
tripleStronglyConnected_State<:waits.Mutex_run5,0
tripleSurjective_State.State<:holds_GrabbedInOrder,0
tripleSurjective_State.State<:holds_GrabOrRelease,0
tripleSurjective_State.State<:holds_run1,0
tripleSurjective_State.State<:holds_run2,0
tripleSurjective_State.State<:holds_run5,0
tripleSurjective_State.State<:waits_GrabbedInOrder,0
tripleSurjective_State.State<:waits_GrabOrRelease,0
tripleSurjective_State.State<:waits_run1,0
tripleSurjective_State.State<:waits_run2,0
tripleSurjective_State.State<:waits_run5,0
tripleSurjective_State<:holds_GrabbedInOrder,1
tripleSurjective_State<:holds_GrabOrRelease,1
tripleSurjective_State<:holds_run1,1
tripleSurjective_State<:holds_run2,1
tripleSurjective_State<:holds_run5,-1
tripleSurjective_State<:holds.Mutex_GrabbedInOrder,0
tripleSurjective_State<:holds.Mutex_GrabOrRelease,0
tripleSurjective_State<:holds.Mutex_run1,0
tripleSurjective_State<:holds.Mutex_run2,0
tripleSurjective_State<:holds.Mutex_run5,0
tripleSurjective_State<:waits_GrabbedInOrder,1
tripleSurjective_State<:waits_GrabOrRelease,-1
tripleSurjective_State<:waits_run1,1
tripleSurjective_State<:waits_run2,1
tripleSurjective_State<:waits_run5,-1
tripleSurjective_State<:waits.Mutex_GrabbedInOrder,0
tripleSurjective_State<:waits.Mutex_GrabOrRelease,0
tripleSurjective_State<:waits.Mutex_run1,0
tripleSurjective_State<:waits.Mutex_run2,0
tripleSurjective_State<:waits.Mutex_run5,0
tripleTotal_State.State<:holds_GrabbedInOrder,0
tripleTotal_State.State<:holds_GrabOrRelease,0
tripleTotal_State.State<:holds_run1,0
tripleTotal_State.State<:holds_run2,0
tripleTotal_State.State<:holds_run5,0
tripleTotal_State.State<:waits_GrabbedInOrder,0
tripleTotal_State.State<:waits_GrabOrRelease,0
tripleTotal_State.State<:waits_run1,0
tripleTotal_State.State<:waits_run2,0
tripleTotal_State.State<:waits_run5,0
tripleTotal_State<:holds_GrabbedInOrder,1
tripleTotal_State<:holds_GrabOrRelease,-1
tripleTotal_State<:holds_run1,1
tripleTotal_State<:holds_run2,1
tripleTotal_State<:holds_run5,-1
tripleTotal_State<:holds.Mutex_GrabbedInOrder,0
tripleTotal_State<:holds.Mutex_GrabOrRelease,0
tripleTotal_State<:holds.Mutex_run1,0
tripleTotal_State<:holds.Mutex_run2,0
tripleTotal_State<:holds.Mutex_run5,0
tripleTotal_State<:waits_GrabbedInOrder,1
tripleTotal_State<:waits_GrabOrRelease,-1
tripleTotal_State<:waits_run1,1
tripleTotal_State<:waits_run2,1
tripleTotal_State<:waits_run5,-1
tripleTotal_State<:waits.Mutex_GrabbedInOrder,0
tripleTotal_State<:waits.Mutex_GrabOrRelease,0
tripleTotal_State<:waits.Mutex_run1,0
tripleTotal_State<:waits.Mutex_run2,0
tripleTotal_State<:waits.Mutex_run5,0
weaklyConnected_State.State<:holds_GrabbedInOrder,1
weaklyConnected_State.State<:holds_GrabOrRelease,1
weaklyConnected_State.State<:holds_run1,1
weaklyConnected_State.State<:holds_run2,1
weaklyConnected_State.State<:holds_run5,-1
weaklyConnected_State.State<:waits_GrabbedInOrder,1
weaklyConnected_State.State<:waits_GrabOrRelease,-1
weaklyConnected_State.State<:waits_run1,1
weaklyConnected_State.State<:waits_run2,1
weaklyConnected_State.State<:waits_run5,-1
weaklyConnected_State<:holds_GrabbedInOrder,0
weaklyConnected_State<:holds_GrabOrRelease,0
weaklyConnected_State<:holds_run1,0
weaklyConnected_State<:holds_run2,0
weaklyConnected_State<:holds_run5,0
weaklyConnected_State<:holds.Mutex_GrabbedInOrder,1
weaklyConnected_State<:holds.Mutex_GrabOrRelease,-1
weaklyConnected_State<:holds.Mutex_run1,1
weaklyConnected_State<:holds.Mutex_run2,1
weaklyConnected_State<:holds.Mutex_run5,-1
weaklyConnected_State<:waits_GrabbedInOrder,0
weaklyConnected_State<:waits_GrabOrRelease,0
weaklyConnected_State<:waits_run1,0
weaklyConnected_State<:waits_run2,0
weaklyConnected_State<:waits_run5,0
weaklyConnected_State<:waits.Mutex_GrabbedInOrder,1
weaklyConnected_State<:waits.Mutex_GrabOrRelease,-1
weaklyConnected_State<:waits.Mutex_run1,1
weaklyConnected_State<:waits.Mutex_run2,1
weaklyConnected_State<:waits.Mutex_run5,-1
weaklyRegular_State.State<:holds_GrabbedInOrder,0
weaklyRegular_State.State<:holds_GrabOrRelease,0
weaklyRegular_State.State<:holds_run1,0
weaklyRegular_State.State<:holds_run2,0
weaklyRegular_State.State<:holds_run5,0
weaklyRegular_State.State<:waits_GrabbedInOrder,0
weaklyRegular_State.State<:waits_GrabOrRelease,0
weaklyRegular_State.State<:waits_run1,0
weaklyRegular_State.State<:waits_run2,0
weaklyRegular_State.State<:waits_run5,0
weaklyRegular_State<:holds_GrabbedInOrder,1
weaklyRegular_State<:holds_GrabOrRelease,1
weaklyRegular_State<:holds_run1,1
weaklyRegular_State<:holds_run2,1
weaklyRegular_State<:holds_run5,-1
weaklyRegular_State<:holds.Mutex_GrabbedInOrder,0
weaklyRegular_State<:holds.Mutex_GrabOrRelease,0
weaklyRegular_State<:holds.Mutex_run1,0
weaklyRegular_State<:holds.Mutex_run2,0
weaklyRegular_State<:holds.Mutex_run5,0
weaklyRegular_State<:waits_GrabbedInOrder,1
weaklyRegular_State<:waits_GrabOrRelease,1
weaklyRegular_State<:waits_run1,1
weaklyRegular_State<:waits_run2,1
weaklyRegular_State<:waits_run5,-1
weaklyRegular_State<:waits.Mutex_GrabbedInOrder,0
weaklyRegular_State<:waits.Mutex_GrabOrRelease,0
weaklyRegular_State<:waits.Mutex_run1,0
weaklyRegular_State<:waits.Mutex_run2,0
weaklyRegular_State<:waits.Mutex_run5,0
weaklyTransitive_State.State<:holds_GrabbedInOrder,0
weaklyTransitive_State.State<:holds_GrabOrRelease,0
weaklyTransitive_State.State<:holds_run1,0
weaklyTransitive_State.State<:holds_run2,0
weaklyTransitive_State.State<:holds_run5,0
weaklyTransitive_State.State<:waits_GrabbedInOrder,0
weaklyTransitive_State.State<:waits_GrabOrRelease,0
weaklyTransitive_State.State<:waits_run1,0
weaklyTransitive_State.State<:waits_run2,0
weaklyTransitive_State.State<:waits_run5,0
weaklyTransitive_State<:holds_GrabbedInOrder,1
weaklyTransitive_State<:holds_GrabOrRelease,1
weaklyTransitive_State<:holds_run1,1
weaklyTransitive_State<:holds_run2,1
weaklyTransitive_State<:holds_run5,-1
weaklyTransitive_State<:holds.Mutex_GrabbedInOrder,0
weaklyTransitive_State<:holds.Mutex_GrabOrRelease,0
weaklyTransitive_State<:holds.Mutex_run1,0
weaklyTransitive_State<:holds.Mutex_run2,0
weaklyTransitive_State<:holds.Mutex_run5,0
weaklyTransitive_State<:waits_GrabbedInOrder,1
weaklyTransitive_State<:waits_GrabOrRelease,1
weaklyTransitive_State<:waits_run1,1
weaklyTransitive_State<:waits_run2,1
weaklyTransitive_State<:waits_run5,-1
weaklyTransitive_State<:waits.Mutex_GrabbedInOrder,0
weaklyTransitive_State<:waits.Mutex_GrabOrRelease,0
weaklyTransitive_State<:waits.Mutex_run1,0
weaklyTransitive_State<:waits.Mutex_run2,0
weaklyTransitive_State<:waits.Mutex_run5,0
weaklyTranslative_State.State<:holds_GrabbedInOrder,0
weaklyTranslative_State.State<:holds_GrabOrRelease,0
weaklyTranslative_State.State<:holds_run1,0
weaklyTranslative_State.State<:holds_run2,0
weaklyTranslative_State.State<:holds_run5,0
weaklyTranslative_State.State<:waits_GrabbedInOrder,0
weaklyTranslative_State.State<:waits_GrabOrRelease,0
weaklyTranslative_State.State<:waits_run1,0
weaklyTranslative_State.State<:waits_run2,0
weaklyTranslative_State.State<:waits_run5,0
weaklyTranslative_State<:holds_GrabbedInOrder,1
weaklyTranslative_State<:holds_GrabOrRelease,1
weaklyTranslative_State<:holds_run1,1
weaklyTranslative_State<:holds_run2,1
weaklyTranslative_State<:holds_run5,-1
weaklyTranslative_State<:holds.Mutex_GrabbedInOrder,0
weaklyTranslative_State<:holds.Mutex_GrabOrRelease,0
weaklyTranslative_State<:holds.Mutex_run1,0
weaklyTranslative_State<:holds.Mutex_run2,0
weaklyTranslative_State<:holds.Mutex_run5,0
weaklyTranslative_State<:waits_GrabbedInOrder,1
weaklyTranslative_State<:waits_GrabOrRelease,1
weaklyTranslative_State<:waits_run1,1
weaklyTranslative_State<:waits_run2,1
weaklyTranslative_State<:waits_run5,-1
weaklyTranslative_State<:waits.Mutex_GrabbedInOrder,0
weaklyTranslative_State<:waits.Mutex_GrabOrRelease,0
weaklyTranslative_State<:waits.Mutex_run1,0
weaklyTranslative_State<:waits.Mutex_run2,0
weaklyTranslative_State<:waits.Mutex_run5,0
