id,name
1,OrdDcrs_SzGrwt_Glbl_SdEnd_EmptNon_
2,OrdDcrs_SzGrwt_Glbl_SdEnd_EmptStrt_
3,OrdDcrs_SzGrwt_Glbl_SdMdl_EmptNon_
4,OrdDcrs_SzGrwt_Glbl_SdMdl_EmptStrt_
5,OrdDcrs_SzGrwt_Lcl_SdEnd_EmptNon_
6,OrdDcrs_SzGrwt_Lcl_SdEnd_EmptStrt_
7,OrdDcrs_SzGrwt_Lcl_SdMdl_EmptNon_
8,OrdDcrs_SzGrwt_Lcl_SdMdl_EmptStrt_
9,OrdDcrs_SzGrwtStrc_Glbl_SdEnd_EmptNon_
10,OrdDcrs_SzGrwtStrc_Glbl_SdEnd_EmptStrt_
11,OrdDcrs_SzGrwtStrc_Glbl_SdMdl_EmptNon_
12,OrdDcrs_SzGrwtStrc_Glbl_SdMdl_EmptStrt_
13,OrdDcrs_SzGrwtStrc_Lcl_SdEnd_EmptNon_
14,OrdDcrs_SzGrwtStrc_Lcl_SdEnd_EmptStrt_
15,OrdDcrs_SzGrwtStrc_Lcl_SdMdl_EmptNon_
16,OrdDcrs_SzGrwtStrc_Lcl_SdMdl_EmptStrt_
17,OrdDcrs_SzNChng_Glbl_SdEnd_EmptNon_
18,OrdDcrs_SzNChng_Glbl_SdMdl_EmptNon_
19,OrdDcrs_SzNChng_Lcl_SdEnd_EmptNon_
20,OrdDcrs_SzNChng_Lcl_SdMdl_EmptNon_
21,OrdDcrs_SzShrnk_Glbl_SdEnd_EmptEnd_
22,OrdDcrs_SzShrnk_Glbl_SdEnd_EmptNon_
23,OrdDcrs_SzShrnk_Glbl_SdMdl_EmptEnd_
24,OrdDcrs_SzShrnk_Glbl_SdMdl_EmptNon_
25,OrdDcrs_SzShrnk_Lcl_SdEnd_EmptEnd_
26,OrdDcrs_SzShrnk_Lcl_SdEnd_EmptNon_
27,OrdDcrs_SzShrnk_Lcl_SdMdl_EmptEnd_
28,OrdDcrs_SzShrnk_Lcl_SdMdl_EmptNon_
29,OrdDcrs_SzShrnkStrc_Glbl_SdEnd_EmptEnd_
30,OrdDcrs_SzShrnkStrc_Glbl_SdEnd_EmptNon_
31,OrdDcrs_SzShrnkStrc_Glbl_SdMdl_EmptEnd_
32,OrdDcrs_SzShrnkStrc_Glbl_SdMdl_EmptNon_
33,OrdDcrs_SzShrnkStrc_Lcl_SdEnd_EmptEnd_
34,OrdDcrs_SzShrnkStrc_Lcl_SdEnd_EmptNon_
35,OrdDcrs_SzShrnkStrc_Lcl_SdMdl_EmptEnd_
36,OrdDcrs_SzShrnkStrc_Lcl_SdMdl_EmptNon_
37,OrdDcrsStrc_SzGrwt_Glbl_SdEnd_EmptNon_
38,OrdDcrsStrc_SzGrwt_Glbl_SdEnd_EmptStrt_
39,OrdDcrsStrc_SzGrwt_Glbl_SdMdl_EmptNon_
40,OrdDcrsStrc_SzGrwt_Glbl_SdMdl_EmptStrt_
41,OrdDcrsStrc_SzGrwt_Lcl_SdEnd_EmptNon_
42,OrdDcrsStrc_SzGrwt_Lcl_SdEnd_EmptStrt_
43,OrdDcrsStrc_SzGrwt_Lcl_SdMdl_EmptNon_
44,OrdDcrsStrc_SzGrwt_Lcl_SdMdl_EmptStrt_
45,OrdDcrsStrc_SzGrwtStrc_Glbl_SdEnd_EmptNon_
46,OrdDcrsStrc_SzGrwtStrc_Glbl_SdEnd_EmptStrt_
47,OrdDcrsStrc_SzGrwtStrc_Glbl_SdMdl_EmptNon_
48,OrdDcrsStrc_SzGrwtStrc_Glbl_SdMdl_EmptStrt_
49,OrdDcrsStrc_SzGrwtStrc_Lcl_SdEnd_EmptNon_
50,OrdDcrsStrc_SzGrwtStrc_Lcl_SdEnd_EmptStrt_
51,OrdDcrsStrc_SzGrwtStrc_Lcl_SdMdl_EmptNon_
52,OrdDcrsStrc_SzGrwtStrc_Lcl_SdMdl_EmptStrt_
53,OrdDcrsStrc_SzNChng_Glbl_SdEnd_EmptNon_
54,OrdDcrsStrc_SzNChng_Glbl_SdMdl_EmptNon_
55,OrdDcrsStrc_SzNChng_Lcl_SdEnd_EmptNon_
56,OrdDcrsStrc_SzNChng_Lcl_SdMdl_EmptNon_
57,OrdDcrsStrc_SzShrnk_Glbl_SdEnd_EmptEnd_
58,OrdDcrsStrc_SzShrnk_Glbl_SdEnd_EmptNon_
59,OrdDcrsStrc_SzShrnk_Glbl_SdMdl_EmptEnd_
60,OrdDcrsStrc_SzShrnk_Glbl_SdMdl_EmptNon_
61,OrdDcrsStrc_SzShrnk_Lcl_SdEnd_EmptEnd_
62,OrdDcrsStrc_SzShrnk_Lcl_SdEnd_EmptNon_
63,OrdDcrsStrc_SzShrnk_Lcl_SdMdl_EmptEnd_
64,OrdDcrsStrc_SzShrnk_Lcl_SdMdl_EmptNon_
65,OrdDcrsStrc_SzShrnkStrc_Glbl_SdEnd_EmptEnd_
66,OrdDcrsStrc_SzShrnkStrc_Glbl_SdEnd_EmptNon_
67,OrdDcrsStrc_SzShrnkStrc_Glbl_SdMdl_EmptEnd_
68,OrdDcrsStrc_SzShrnkStrc_Glbl_SdMdl_EmptNon_
69,OrdDcrsStrc_SzShrnkStrc_Lcl_SdEnd_EmptEnd_
70,OrdDcrsStrc_SzShrnkStrc_Lcl_SdEnd_EmptNon_
71,OrdDcrsStrc_SzShrnkStrc_Lcl_SdMdl_EmptEnd_
72,OrdDcrsStrc_SzShrnkStrc_Lcl_SdMdl_EmptNon_
73,OrdIncrs_SzGrwt_Glbl_SdEnd_EmptNon_
74,OrdIncrs_SzGrwt_Glbl_SdEnd_EmptStrt_
75,OrdIncrs_SzGrwt_Glbl_SdMdl_EmptNon_
76,OrdIncrs_SzGrwt_Glbl_SdMdl_EmptStrt_
77,OrdIncrs_SzGrwt_Lcl_SdEnd_EmptNon_
78,OrdIncrs_SzGrwt_Lcl_SdEnd_EmptStrt_
79,OrdIncrs_SzGrwt_Lcl_SdMdl_EmptNon_
80,OrdIncrs_SzGrwt_Lcl_SdMdl_EmptStrt_
81,OrdIncrs_SzGrwtStrc_Glbl_SdEnd_EmptNon_
82,OrdIncrs_SzGrwtStrc_Glbl_SdEnd_EmptStrt_
83,OrdIncrs_SzGrwtStrc_Glbl_SdMdl_EmptNon_
84,OrdIncrs_SzGrwtStrc_Glbl_SdMdl_EmptStrt_
85,OrdIncrs_SzGrwtStrc_Lcl_SdEnd_EmptNon_
86,OrdIncrs_SzGrwtStrc_Lcl_SdEnd_EmptStrt_
87,OrdIncrs_SzGrwtStrc_Lcl_SdMdl_EmptNon_
88,OrdIncrs_SzGrwtStrc_Lcl_SdMdl_EmptStrt_
89,OrdIncrs_SzNChng_Glbl_SdEnd_EmptNon_
90,OrdIncrs_SzNChng_Glbl_SdMdl_EmptNon_
91,OrdIncrs_SzNChng_Lcl_SdEnd_EmptNon_
92,OrdIncrs_SzNChng_Lcl_SdMdl_EmptNon_
93,OrdIncrs_SzShrnk_Glbl_SdEnd_EmptEnd_
94,OrdIncrs_SzShrnk_Glbl_SdEnd_EmptNon_
95,OrdIncrs_SzShrnk_Glbl_SdMdl_EmptEnd_
96,OrdIncrs_SzShrnk_Glbl_SdMdl_EmptNon_
97,OrdIncrs_SzShrnk_Lcl_SdEnd_EmptEnd_
98,OrdIncrs_SzShrnk_Lcl_SdEnd_EmptNon_
99,OrdIncrs_SzShrnk_Lcl_SdMdl_EmptEnd_
100,OrdIncrs_SzShrnk_Lcl_SdMdl_EmptNon_
101,OrdIncrs_SzShrnkStrc_Glbl_SdEnd_EmptEnd_
102,OrdIncrs_SzShrnkStrc_Glbl_SdEnd_EmptNon_
103,OrdIncrs_SzShrnkStrc_Glbl_SdMdl_EmptEnd_
104,OrdIncrs_SzShrnkStrc_Glbl_SdMdl_EmptNon_
105,OrdIncrs_SzShrnkStrc_Lcl_SdEnd_EmptEnd_
106,OrdIncrs_SzShrnkStrc_Lcl_SdEnd_EmptNon_
107,OrdIncrs_SzShrnkStrc_Lcl_SdMdl_EmptEnd_
108,OrdIncrs_SzShrnkStrc_Lcl_SdMdl_EmptNon_
109,OrdIncrsStrc_SzGrwt_Glbl_SdEnd_EmptNon_
110,OrdIncrsStrc_SzGrwt_Glbl_SdEnd_EmptStrt_
111,OrdIncrsStrc_SzGrwt_Glbl_SdMdl_EmptNon_
112,OrdIncrsStrc_SzGrwt_Glbl_SdMdl_EmptStrt_
113,OrdIncrsStrc_SzGrwt_Lcl_SdEnd_EmptNon_
114,OrdIncrsStrc_SzGrwt_Lcl_SdEnd_EmptStrt_
115,OrdIncrsStrc_SzGrwt_Lcl_SdMdl_EmptNon_
116,OrdIncrsStrc_SzGrwt_Lcl_SdMdl_EmptStrt_
117,OrdIncrsStrc_SzGrwtStrc_Glbl_SdEnd_EmptNon_
118,OrdIncrsStrc_SzGrwtStrc_Glbl_SdEnd_EmptStrt_
119,OrdIncrsStrc_SzGrwtStrc_Glbl_SdMdl_EmptNon_
120,OrdIncrsStrc_SzGrwtStrc_Glbl_SdMdl_EmptStrt_
121,OrdIncrsStrc_SzGrwtStrc_Lcl_SdEnd_EmptNon_
122,OrdIncrsStrc_SzGrwtStrc_Lcl_SdEnd_EmptStrt_
123,OrdIncrsStrc_SzGrwtStrc_Lcl_SdMdl_EmptNon_
124,OrdIncrsStrc_SzGrwtStrc_Lcl_SdMdl_EmptStrt_
125,OrdIncrsStrc_SzNChng_Glbl_SdEnd_EmptNon_
126,OrdIncrsStrc_SzNChng_Glbl_SdMdl_EmptNon_
127,OrdIncrsStrc_SzNChng_Lcl_SdEnd_EmptNon_
128,OrdIncrsStrc_SzNChng_Lcl_SdMdl_EmptNon_
129,OrdIncrsStrc_SzShrnk_Glbl_SdEnd_EmptEnd_
130,OrdIncrsStrc_SzShrnk_Glbl_SdEnd_EmptNon_
131,OrdIncrsStrc_SzShrnk_Glbl_SdMdl_EmptEnd_
132,OrdIncrsStrc_SzShrnk_Glbl_SdMdl_EmptNon_
133,OrdIncrsStrc_SzShrnk_Lcl_SdEnd_EmptEnd_
134,OrdIncrsStrc_SzShrnk_Lcl_SdEnd_EmptNon_
135,OrdIncrsStrc_SzShrnk_Lcl_SdMdl_EmptEnd_
136,OrdIncrsStrc_SzShrnk_Lcl_SdMdl_EmptNon_
137,OrdIncrsStrc_SzShrnkStrc_Glbl_SdEnd_EmptEnd_
138,OrdIncrsStrc_SzShrnkStrc_Glbl_SdEnd_EmptNon_
139,OrdIncrsStrc_SzShrnkStrc_Glbl_SdMdl_EmptEnd_
140,OrdIncrsStrc_SzShrnkStrc_Glbl_SdMdl_EmptNon_
141,OrdIncrsStrc_SzShrnkStrc_Lcl_SdEnd_EmptEnd_
142,OrdIncrsStrc_SzShrnkStrc_Lcl_SdEnd_EmptNon_
143,OrdIncrsStrc_SzShrnkStrc_Lcl_SdMdl_EmptEnd_
144,OrdIncrsStrc_SzShrnkStrc_Lcl_SdMdl_EmptNon_
145,SzGrwt_Glbl_SdEnd_EmptNon_
146,SzGrwt_Glbl_SdEnd_EmptStrt_
147,SzGrwt_Glbl_SdMdl_EmptNon_
148,SzGrwt_Glbl_SdMdl_EmptStrt_
149,SzGrwt_Lcl_SdEnd_EmptNon_
150,SzGrwt_Lcl_SdEnd_EmptStrt_
151,SzGrwt_Lcl_SdMdl_EmptNon_
152,SzGrwt_Lcl_SdMdl_EmptStrt_
153,SzGrwtStrc_Glbl_SdEnd_EmptNon_
154,SzGrwtStrc_Glbl_SdEnd_EmptStrt_
155,SzGrwtStrc_Glbl_SdMdl_EmptNon_
156,SzGrwtStrc_Glbl_SdMdl_EmptStrt_
157,SzGrwtStrc_Lcl_SdEnd_EmptNon_
158,SzGrwtStrc_Lcl_SdEnd_EmptStrt_
159,SzGrwtStrc_Lcl_SdMdl_EmptNon_
160,SzGrwtStrc_Lcl_SdMdl_EmptStrt_
161,SzNChng_Glbl_SdEnd_EmptNon_
162,SzNChng_Glbl_SdMdl_EmptNon_
163,SzNChng_Lcl_SdEnd_EmptNon_
164,SzNChng_Lcl_SdMdl_EmptNon_
165,SzShrnk_Glbl_SdEnd_EmptEnd_
166,SzShrnk_Glbl_SdEnd_EmptNon_
167,SzShrnk_Glbl_SdMdl_EmptEnd_
168,SzShrnk_Glbl_SdMdl_EmptNon_
169,SzShrnk_Lcl_SdEnd_EmptEnd_
170,SzShrnk_Lcl_SdEnd_EmptNon_
171,SzShrnk_Lcl_SdMdl_EmptEnd_
172,SzShrnk_Lcl_SdMdl_EmptNon_
173,SzShrnkStrc_Glbl_SdEnd_EmptEnd_
174,SzShrnkStrc_Glbl_SdEnd_EmptNon_
175,SzShrnkStrc_Glbl_SdMdl_EmptEnd_
176,SzShrnkStrc_Glbl_SdMdl_EmptNon_
177,SzShrnkStrc_Lcl_SdEnd_EmptEnd_
178,SzShrnkStrc_Lcl_SdEnd_EmptNon_
179,SzShrnkStrc_Lcl_SdMdl_EmptEnd_
180,SzShrnkStrc_Lcl_SdMdl_EmptNon_